;;###################################################################
;;Tiername:;;ST2
;;Ohrmarkennummer:;;ST2
;;Bolusnummer:;;X0000002
;;Seriennummer:;;X0000002
;;Sensornummer:;;X0000002

;;Daten Anzahl:;;1992
;;Download Zeitpunkt:;;01.11.2020 14:35
;;###################################################################


;;Datum;Zeit;Temperatur [°C];pH Wert
;;11.11.2019;11:07;32,59;6,39
;;11.11.2019;11:17;39,35;6,37
;;11.11.2019;11:27;40,59;6,34
;;11.11.2019;11:37;40,74;6,25
;;11.11.2019;11:47;40,82;6,16
;;11.11.2019;11:57;35,64;6,37
;;11.11.2019;12:07;33,81;6,14
;;11.11.2019;12:17;36,59;6,21
;;11.11.2019;12:27;37,92;6,27
;;11.11.2019;12:37;38,62;6,22
;;11.11.2019;12:47;38,99;6,23
;;11.11.2019;12:57;39,19;6,27
;;11.11.2019;13:07;39,4;6,24
;;11.11.2019;13:17;39,58;6,27
;;11.11.2019;13:27;39,77;6,32
;;11.11.2019;13:37;39,82;6,31
;;11.11.2019;13:47;39,97;6,4
;;11.11.2019;13:57;40,08;6,49
;;11.11.2019;14:07;40,25;6,46
;;11.11.2019;14:17;40,41;6,47
;;11.11.2019;14:27;40,53;6,55
;;11.11.2019;14:37;40,59;6,53
;;11.11.2019;14:47;40,67;6,43
;;11.11.2019;14:57;40,59;6,36
;;11.11.2019;15:07;40,57;6,4
;;11.11.2019;15:17;40,51;6,37
;;11.11.2019;15:27;40,45;6,33
;;11.11.2019;15:37;40,45;6,4
;;11.11.2019;15:47;40,43;6,44
;;11.11.2019;15:57;40,53;6,41
;;11.11.2019;16:07;40,61;6,42
;;11.11.2019;16:17;40,65;6,4
;;11.11.2019;16:27;33,88;6,3
;;11.11.2019;16:37;36,32;6,19
;;11.11.2019;16:47;38,19;6,2
;;11.11.2019;16:57;38,85;6,16
;;11.11.2019;17:07;39,14;6,17
;;11.11.2019;17:17;39,32;6,2
;;11.11.2019;17:27;39,56;6,2
;;11.11.2019;17:37;39,69;6,16
;;11.11.2019;17:47;39,01;6,27
;;11.11.2019;17:57;35,47;6,18
;;11.11.2019;18:07;37,66;6,27
;;11.11.2019;18:17;38,85;6,33
;;11.11.2019;18:27;39,64;6,41
;;11.11.2019;18:37;40,12;6,33
;;11.11.2019;18:47;40,24;6,15
;;11.11.2019;18:57;40,31;6,14
;;11.11.2019;19:07;40,29;6,06
;;11.11.2019;19:17;40,24;6,12
;;11.11.2019;19:27;40,29;6,15
;;11.11.2019;19:37;40,49;6,15
;;11.11.2019;19:47;37,82;5,99
;;11.11.2019;19:57;36,4;5,84
;;11.11.2019;20:07;38,21;6,13
;;11.11.2019;20:17;39,19;6,16
;;11.11.2019;20:27;39,79;6,12
;;11.11.2019;20:37;40,1;6,08
;;11.11.2019;20:47;40,31;6,08
;;11.11.2019;20:57;40,45;6
;;11.11.2019;21:07;40,43;5,98
;;11.11.2019;21:17;40,29;5,88
;;11.11.2019;21:27;40,27;5,91
;;11.11.2019;21:37;40,31;5,92
;;11.11.2019;21:47;40,39;5,94
;;11.11.2019;21:57;40,39;6,03
;;11.11.2019;22:06;40,45;6,05
;;11.11.2019;22:16;40,55;6,05
;;11.11.2019;22:26;40,65;6,04
;;11.11.2019;22:36;40,76;5,98
;;11.11.2019;22:46;34,85;6,09
;;11.11.2019;22:56;36,55;6,01
;;11.11.2019;23:06;38,56;6,07
;;11.11.2019;23:16;39,48;6,06
;;11.11.2019;23:26;39,71;6,05
;;11.11.2019;23:36;39,74;6,04
;;11.11.2019;23:46;39,82;6,1
;;11.11.2019;23:56;39,84;6,24
;;12.11.2019;00:06;39,95;6,31
;;12.11.2019;00:16;40,1;6,31
;;12.11.2019;00:26;40,24;6,35
;;12.11.2019;00:36;40,33;6,36
;;12.11.2019;00:46;40,41;6,31
;;12.11.2019;00:56;40,43;6,31
;;12.11.2019;01:06;40,47;6,29
;;12.11.2019;01:16;40,53;6,25
;;12.11.2019;01:26;40,61;6,26
;;12.11.2019;01:36;40,57;6,21
;;12.11.2019;01:46;40,37;6,14
;;12.11.2019;01:56;40,27;6,18
;;12.11.2019;02:06;40,39;6,19
;;12.11.2019;02:16;40,55;6,19
;;12.11.2019;02:26;40,67;6,16
;;12.11.2019;02:36;40,71;6,25
;;12.11.2019;02:46;40,69;6,31
;;12.11.2019;02:56;40,73;6,32
;;12.11.2019;03:06;40,69;6,36
;;12.11.2019;03:16;40,67;6,31
;;12.11.2019;03:26;40,73;6,41
;;12.11.2019;03:36;40,69;6,43
;;12.11.2019;03:46;40,71;6,47
;;12.11.2019;03:56;40,61;6,48
;;12.11.2019;04:06;40,53;6,49
;;12.11.2019;04:16;40,51;6,46
;;12.11.2019;04:26;40,49;6,53
;;12.11.2019;04:36;40,55;6,5
;;12.11.2019;04:46;40,51;6,64
;;12.11.2019;04:56;40,57;6,63
;;12.11.2019;05:06;40,41;6,66
;;12.11.2019;05:16;32,9;6,43
;;12.11.2019;05:26;35,47;6,43
;;12.11.2019;05:36;37,12;6,44
;;12.11.2019;05:46;37,78;6,46
;;12.11.2019;05:56;38,09;6,41
;;12.11.2019;06:06;38,3;6,41
;;12.11.2019;06:16;38,5;6,37
;;12.11.2019;06:26;38,73;6,39
;;12.11.2019;06:36;38,95;6,37
;;12.11.2019;06:46;39,17;6,35
;;12.11.2019;06:56;39,35;6,34
;;12.11.2019;07:06;39,53;6,33
;;12.11.2019;07:16;39,64;6,3
;;12.11.2019;07:26;33,86;6,34
;;12.11.2019;07:36;36,13;6,37
;;12.11.2019;07:46;37,74;6,44
;;12.11.2019;07:56;38,7;6,34
;;12.11.2019;08:06;39,27;6,31
;;12.11.2019;08:16;39,56;6,29
;;12.11.2019;08:26;39,79;6,29
;;12.11.2019;08:36;40,02;6,29
;;12.11.2019;08:46;40,2;6,21
;;12.11.2019;08:56;40,33;6,09
;;12.11.2019;09:06;40,33;6,11
;;12.11.2019;09:16;40,33;6,11
;;12.11.2019;09:26;40,35;6,18
;;12.11.2019;09:36;40,35;6,24
;;12.11.2019;09:46;40,31;6,35
;;12.11.2019;09:56;40,39;6,32
;;12.11.2019;10:06;40,43;6,33
;;12.11.2019;10:16;40,55;6,3
;;12.11.2019;10:26;40,49;6,2
;;12.11.2019;10:36;40,47;6,21
;;12.11.2019;10:46;40,47;6,26
;;12.11.2019;10:56;32,94;6,19
;;12.11.2019;11:06;35,02;6,19
;;12.11.2019;11:16;37,12;6,31
;;12.11.2019;11:26;38,11;6,43
;;12.11.2019;11:36;38,79;6,42
;;12.11.2019;11:46;39,45;6,38
;;12.11.2019;11:56;39,87;6,41
;;12.11.2019;12:06;40,08;6,38
;;12.11.2019;12:16;40,1;6,36
;;12.11.2019;12:26;40;6,32
;;12.11.2019;12:36;39,92;6,36
;;12.11.2019;12:46;39,92;6,42
;;12.11.2019;12:56;39,97;6,39
;;12.11.2019;13:06;40,04;6,37
;;12.11.2019;13:16;40,18;6,39
;;12.11.2019;13:26;40,29;6,37
;;12.11.2019;13:36;40,41;6,39
;;12.11.2019;13:46;40,43;6,45
;;12.11.2019;13:56;40,39;6,41
;;12.11.2019;14:06;40,39;6,39
;;12.11.2019;14:16;40,37;6,43
;;12.11.2019;14:26;40,31;6,44
;;12.11.2019;14:36;40,25;6,39
;;12.11.2019;14:46;37;6,39
;;12.11.2019;14:56;34,96;6,35
;;12.11.2019;15:06;37,31;6,4
;;12.11.2019;15:16;38,32;6,45
;;12.11.2019;15:26;38,93;6,57
;;12.11.2019;15:36;39,43;6,47
;;12.11.2019;15:46;39,74;6,46
;;12.11.2019;15:56;39,84;6,47
;;12.11.2019;16:06;39,92;6,45
;;12.11.2019;16:16;40,04;6,31
;;12.11.2019;16:26;40,08;6,38
;;12.11.2019;16:36;40,14;6,24
;;12.11.2019;16:46;40,12;6,33
;;12.11.2019;16:56;40,16;6,4
;;12.11.2019;17:06;34,65;6,19
;;12.11.2019;17:16;37,27;6,15
;;12.11.2019;17:26;38,66;6,3
;;12.11.2019;17:36;39,32;6,19
;;12.11.2019;17:46;39,45;6,21
;;12.11.2019;17:56;39,56;6,34
;;12.11.2019;18:06;39,84;6,23
;;12.11.2019;18:16;40,08;6,31
;;12.11.2019;18:26;40,25;6,39
;;12.11.2019;18:36;40,41;6,25
;;12.11.2019;18:46;40,55;6,34
;;12.11.2019;18:56;40,59;6,25
;;12.11.2019;19:06;40,55;6,06
;;12.11.2019;19:16;40,55;6,16
;;12.11.2019;19:26;38,21;6,12
;;12.11.2019;19:36;35,86;5,9
;;12.11.2019;19:46;38,11;5,96
;;12.11.2019;19:56;39,11;6,05
;;12.11.2019;20:06;39,71;6,14
;;12.11.2019;20:16;39,87;6,06
;;12.11.2019;20:26;39,9;6,14
;;12.11.2019;20:36;39,95;6,18
;;12.11.2019;20:46;40,1;6,29
;;12.11.2019;20:56;40,22;6,31
;;12.11.2019;21:06;40,29;6,38
;;12.11.2019;21:16;40,39;6,23
;;12.11.2019;21:26;40,43;6,25
;;12.11.2019;21:36;40,47;6,21
;;12.11.2019;21:46;38,75;6,13
;;12.11.2019;21:56;35,93;5,91
;;12.11.2019;22:06;38,11;5,95
;;12.11.2019;22:16;39,22;5,96
;;12.11.2019;22:26;39,79;6,07
;;12.11.2019;22:36;39,97;6,08
;;12.11.2019;22:46;39,95;5,99
;;12.11.2019;22:56;40,06;6,06
;;12.11.2019;23:06;40,08;6,18
;;12.11.2019;23:16;40,16;6,33
;;12.11.2019;23:26;40,29;6,39
;;12.11.2019;23:36;40,41;6,3
;;12.11.2019;23:46;40,43;6,27
;;12.11.2019;23:56;40,45;6,28
;;13.11.2019;00:06;40,39;6,34
;;13.11.2019;00:16;40,29;6,36
;;13.11.2019;00:26;40,24;6,25
;;13.11.2019;00:36;40,18;6,32
;;13.11.2019;00:46;40,24;6,5
;;13.11.2019;00:56;40,37;6,41
;;13.11.2019;01:06;40,47;6,4
;;13.11.2019;01:16;40,55;6,43
;;13.11.2019;01:26;40,61;6,34
;;13.11.2019;01:36;40,65;6,37
;;13.11.2019;01:46;40,61;6,38
;;13.11.2019;01:56;37,58;6,38
;;13.11.2019;02:06;35,76;6,07
;;13.11.2019;02:16;38,29;6,1
;;13.11.2019;02:26;39,3;6,16
;;13.11.2019;02:36;39,66;6,27
;;13.11.2019;02:46;39,92;6,37
;;13.11.2019;02:56;40,08;6,42
;;13.11.2019;03:06;40,16;6,42
;;13.11.2019;03:16;40,2;6,43
;;13.11.2019;03:26;40,22;6,32
;;13.11.2019;03:36;40,24;6,34
;;13.11.2019;03:46;40,25;6,36
;;13.11.2019;03:56;40,31;6,37
;;13.11.2019;04:06;40,29;6,46
;;13.11.2019;04:16;40,39;6,51
;;13.11.2019;04:26;40,47;6,5
;;13.11.2019;04:36;40,53;6,55
;;13.11.2019;04:46;40,53;6,54
;;13.11.2019;04:56;40,55;6,5
;;13.11.2019;05:06;40,61;6,5
;;13.11.2019;05:16;40,69;6,7
;;13.11.2019;05:26;40,71;6,56
;;13.11.2019;05:36;40,61;6,54
;;13.11.2019;05:46;40,59;6,61
;;13.11.2019;05:56;40,55;6,53
;;13.11.2019;06:06;33,44;6,42
;;13.11.2019;06:16;35,99;6,45
;;13.11.2019;06:26;37,84;6,43
;;13.11.2019;06:36;38,44;6,42
;;13.11.2019;06:46;38,83;6,39
;;13.11.2019;06:56;38,87;6,4
;;13.11.2019;07:06;39,01;6,35
;;13.11.2019;07:16;39,24;6,37
;;13.11.2019;07:26;39,51;6,35
;;13.11.2019;07:36;39,53;6,49
;;13.11.2019;07:46;39,71;6,46
;;13.11.2019;07:56;39,9;6,47
;;13.11.2019;08:06;40,02;6,47
;;13.11.2019;08:16;40,08;6,39
;;13.11.2019;08:26;40,18;6,35
;;13.11.2019;08:36;40,24;6,4
;;13.11.2019;08:46;40,39;6,39
;;13.11.2019;08:56;40,53;6,43
;;13.11.2019;09:06;40,67;6,34
;;13.11.2019;09:16;40,8;6,37
;;13.11.2019;09:26;40,86;6,36
;;13.11.2019;09:36;40,86;6,35
;;13.11.2019;09:46;40,86;6,35
;;13.11.2019;09:56;40,8;6,34
;;13.11.2019;10:06;40,73;6,38
;;13.11.2019;10:16;40,73;6,38
;;13.11.2019;10:26;40,78;6,46
;;13.11.2019;10:36;40,84;6,25
;;13.11.2019;10:46;40,78;6,26
;;13.11.2019;10:56;34,31;6,18
;;13.11.2019;11:06;35,82;6,23
;;13.11.2019;11:16;37,78;6,25
;;13.11.2019;11:26;38,56;6,19
;;13.11.2019;11:36;39,06;6,2
;;13.11.2019;11:46;39,45;6,28
;;13.11.2019;11:56;39,53;6,22
;;13.11.2019;12:06;39,61;6,21
;;13.11.2019;12:16;39,77;6,25
;;13.11.2019;12:26;40,02;6,28
;;13.11.2019;12:36;40,18;6,28
;;13.11.2019;12:46;40,14;6,31
;;13.11.2019;12:56;40,08;6,34
;;13.11.2019;13:06;40,1;6,33
;;13.11.2019;13:16;40,16;6,31
;;13.11.2019;13:26;40,35;6,31
;;13.11.2019;13:36;40,55;6,34
;;13.11.2019;13:46;40,67;6,28
;;13.11.2019;13:56;40,71;6,26
;;13.11.2019;14:06;40,8;6,16
;;13.11.2019;14:16;40,8;6,1
;;13.11.2019;14:26;40,71;6,14
;;13.11.2019;14:36;40,63;6,19
;;13.11.2019;14:46;40,63;6,25
;;13.11.2019;14:56;36,26;6,28
;;13.11.2019;15:06;34,52;6,07
;;13.11.2019;15:16;37,64;6,05
;;13.11.2019;15:26;38,91;6,12
;;13.11.2019;15:36;39,22;6,09
;;13.11.2019;15:46;39,43;6,2
;;13.11.2019;15:56;39,58;6,17
;;13.11.2019;16:06;39,74;6,21
;;13.11.2019;16:16;39,84;6,28
;;13.11.2019;16:26;39,9;6,25
;;13.11.2019;16:36;40,12;6,32
;;13.11.2019;16:46;40,33;6,42
;;13.11.2019;16:56;40,49;6,44
;;13.11.2019;17:06;40,59;6,27
;;13.11.2019;17:16;40,59;6,35
;;13.11.2019;17:26;34,27;6,09
;;13.11.2019;17:36;36,38;6,08
;;13.11.2019;17:46;38,62;5,97
;;13.11.2019;17:56;39,58;6,06
;;13.11.2019;18:06;39,87;6,07
;;13.11.2019;18:16;39,92;6,08
;;13.11.2019;18:26;40,02;6,11
;;13.11.2019;18:36;40,02;6,19
;;13.11.2019;18:46;40,02;6,25
;;13.11.2019;18:56;40,08;6,34
;;13.11.2019;19:06;40,2;6,34
;;13.11.2019;19:16;33,25;6,13
;;13.11.2019;19:26;35,84;6,06
;;13.11.2019;19:36;38,03;6,15
;;13.11.2019;19:46;39,04;6,27
;;13.11.2019;19:56;39,74;6,27
;;13.11.2019;20:06;40,12;6,16
;;13.11.2019;20:16;40,24;6,27
;;13.11.2019;20:26;40,37;6,18
;;13.11.2019;20:36;40,43;6,1
;;13.11.2019;20:46;40,55;6,15
;;13.11.2019;20:56;40,57;5,99
;;13.11.2019;21:06;40,45;5,97
;;13.11.2019;21:16;40,33;5,87
;;13.11.2019;21:26;40,27;6,02
;;13.11.2019;21:36;40,24;6,15
;;13.11.2019;21:46;40,29;6,18
;;13.11.2019;21:56;40,47;6,3
;;13.11.2019;22:06;40,57;6,27
;;13.11.2019;22:16;40,67;6,12
;;13.11.2019;22:26;40,74;6,14
;;13.11.2019;22:36;40,84;6,16
;;13.11.2019;22:46;40,86;5,99
;;13.11.2019;22:56;40,76;6,12
;;13.11.2019;23:06;40,74;6,12
;;13.11.2019;23:16;40,82;6,14
;;13.11.2019;23:26;40,86;6,27
;;13.11.2019;23:36;40,98;6,25
;;13.11.2019;23:46;41,06;6,3
;;13.11.2019;23:56;41,02;6,25
;;14.11.2019;00:06;40,82;6,31
;;14.11.2019;00:16;40,25;6,34
;;14.11.2019;00:26;34,4;6,12
;;14.11.2019;00:36;37,78;6,11
;;14.11.2019;00:46;39,06;6,23
;;14.11.2019;00:56;39,69;6,2
;;14.11.2019;01:06;39,77;6,38
;;14.11.2019;01:16;39,69;6,47
;;14.11.2019;01:26;39,79;6,49
;;14.11.2019;01:36;39,97;6,54
;;14.11.2019;01:46;40;6,55
;;14.11.2019;01:56;39,95;6,42
;;14.11.2019;02:06;39,9;6,36
;;14.11.2019;02:16;39,79;6,43
;;14.11.2019;02:26;40;6,45
;;14.11.2019;02:36;40,12;6,43
;;14.11.2019;02:46;40,25;6,45
;;14.11.2019;02:56;40,35;6,49
;;14.11.2019;03:06;40,47;6,5
;;14.11.2019;03:16;40,55;6,45
;;14.11.2019;03:26;40,61;6,47
;;14.11.2019;03:36;40,63;6,45
;;14.11.2019;03:46;40,59;6,52
;;14.11.2019;03:56;40,57;6,53
;;14.11.2019;04:06;40,61;6,54
;;14.11.2019;04:16;40,69;6,54
;;14.11.2019;04:26;40,73;6,59
;;14.11.2019;04:36;40,73;6,62
;;14.11.2019;04:46;40,78;6,61
;;14.11.2019;04:56;40,82;6,72
;;14.11.2019;05:06;40,82;6,63
;;14.11.2019;05:16;40,78;6,72
;;14.11.2019;05:26;40,71;6,72
;;14.11.2019;05:36;40,59;6,65
;;14.11.2019;05:46;40,55;6,71
;;14.11.2019;05:56;40,57;6,58
;;14.11.2019;06:06;40,67;6,6
;;14.11.2019;06:16;34,91;6,48
;;14.11.2019;06:26;34,65;6,53
;;14.11.2019;06:36;37,06;6,48
;;14.11.2019;06:46;38,07;6,53
;;14.11.2019;06:56;38,44;6,51
;;14.11.2019;07:06;38,64;6,45
;;14.11.2019;07:16;38,71;6,44
;;14.11.2019;07:26;38,95;6,45
;;14.11.2019;07:36;39,19;6,45
;;14.11.2019;07:46;39,51;6,48
;;14.11.2019;07:56;39,79;6,43
;;14.11.2019;08:06;40,02;6,43
;;14.11.2019;08:16;40,25;6,47
;;14.11.2019;08:26;40,41;6,35
;;14.11.2019;08:36;40,57;6,46
;;14.11.2019;08:46;40,69;6,36
;;14.11.2019;08:56;40,74;6,34
;;14.11.2019;09:06;40,74;6,4
;;14.11.2019;09:16;40,71;6,37
;;14.11.2019;09:26;40,69;6,32
;;14.11.2019;09:36;40,63;6,31
;;14.11.2019;09:46;40,71;6,39
;;14.11.2019;09:56;40,74;6,38
;;14.11.2019;10:06;40,78;6,41
;;14.11.2019;10:16;40,67;6,5
;;14.11.2019;10:26;34,83;6,27
;;14.11.2019;10:36;37,25;6,28
;;14.11.2019;10:46;38,66;6,43
;;14.11.2019;10:56;39,43;6,45
;;14.11.2019;11:06;39,97;6,41
;;14.11.2019;11:16;40,27;6,44
;;14.11.2019;11:26;40,49;6,39
;;14.11.2019;11:36;40,65;6,39
;;14.11.2019;11:46;40,78;6,37
;;14.11.2019;11:56;40,76;6,38
;;14.11.2019;12:06;40,57;6,23
;;14.11.2019;12:16;40,47;6,28
;;14.11.2019;12:26;40,53;6,34
;;14.11.2019;12:36;40,65;6,28
;;14.11.2019;12:46;40,71;6,38
;;14.11.2019;12:56;40,74;6,34
;;14.11.2019;13:06;40,74;6,38
;;14.11.2019;13:16;40,84;6,35
;;14.11.2019;13:26;40,92;6,52
;;14.11.2019;13:36;41,04;6,49
;;14.11.2019;13:46;41,06;6,47
;;14.11.2019;13:56;41,08;6,46
;;14.11.2019;14:06;41,08;6,47
;;14.11.2019;14:16;40,96;6,32
;;14.11.2019;14:26;40,9;6,35
;;14.11.2019;14:36;40,84;6,33
;;14.11.2019;14:46;33,86;6,16
;;14.11.2019;14:56;37,06;6,24
;;14.11.2019;15:06;38,4;6,26
;;14.11.2019;15:16;39,06;6,21
;;14.11.2019;15:26;39,4;6,2
;;14.11.2019;15:36;39,58;6,17
;;14.11.2019;15:46;39,82;6,2
;;14.11.2019;15:56;39,92;6,25
;;14.11.2019;16:06;40,08;6,09
;;14.11.2019;16:16;34,77;6,08
;;14.11.2019;16:26;37,25;6,27
;;14.11.2019;16:36;38,83;6,35
;;14.11.2019;16:46;39,87;6,24
;;14.11.2019;16:56;40,33;6,24
;;14.11.2019;17:06;40,63;6,15
;;14.11.2019;17:16;40,78;6,12
;;14.11.2019;17:26;40,84;6,16
;;14.11.2019;17:36;40,78;6,14
;;14.11.2019;17:46;37,35;6,14
;;14.11.2019;17:56;37,66;5,82
;;14.11.2019;18:06;39,24;5,86
;;14.11.2019;18:16;40,04;5,96
;;14.11.2019;18:26;40,1;5,89
;;14.11.2019;18:36;40,18;5,96
;;14.11.2019;18:46;40,24;6,01
;;14.11.2019;18:56;40,24;6,09
;;14.11.2019;19:06;40,33;6,02
;;14.11.2019;19:16;40,51;6
;;14.11.2019;19:26;40,61;5,97
;;14.11.2019;19:36;40,65;5,82
;;14.11.2019;19:46;35,68;5,64
;;14.11.2019;19:56;37,55;5,79
;;14.11.2019;20:06;39,19;5,9
;;14.11.2019;20:16;39,87;5,94
;;14.11.2019;20:26;40,25;5,96
;;14.11.2019;20:36;40,59;5,93
;;14.11.2019;20:46;40,86;5,89
;;14.11.2019;20:56;41,02;5,87
;;14.11.2019;21:06;41,1;5,87
;;14.11.2019;21:16;41,23;5,77
;;14.11.2019;21:26;41,25;5,67
;;14.11.2019;21:36;41,12;5,68
;;14.11.2019;21:46;41,02;5,78
;;14.11.2019;21:56;40,92;5,92
;;14.11.2019;22:06;40,96;6,08
;;14.11.2019;22:16;41,12;6,14
;;14.11.2019;22:26;41,2;6,16
;;14.11.2019;22:36;41,23;6,11
;;14.11.2019;22:46;41,33;6,08
;;14.11.2019;22:56;41,27;6,12
;;14.11.2019;23:06;36,94;5,94
;;14.11.2019;23:16;37,9;5,82
;;14.11.2019;23:26;39,79;5,88
;;14.11.2019;23:36;40,53;5,91
;;14.11.2019;23:46;40,59;6,02
;;14.11.2019;23:56;37,31;5,98
;;15.11.2019;00:06;37,35;6
;;15.11.2019;00:16;38,66;6,14
;;15.11.2019;00:26;39,64;6,16
;;15.11.2019;00:36;40,14;6,21
;;15.11.2019;00:46;40,33;6,26
;;15.11.2019;00:56;40,37;6,04
;;15.11.2019;01:06;40,31;5,8
;;15.11.2019;01:16;40,35;5,65
;;15.11.2019;01:26;40,43;6,22
;;15.11.2019;01:36;40,55;6,13
;;15.11.2019;01:46;40,63;6,25
;;15.11.2019;01:56;40,71;6,12
;;15.11.2019;02:06;40,73;6,26
;;15.11.2019;02:16;40,76;6,13
;;15.11.2019;02:26;40,8;6,26
;;15.11.2019;02:36;40,61;6,4
;;15.11.2019;02:46;40,41;6,1
;;15.11.2019;02:56;40,43;5,97
;;15.11.2019;03:06;40,49;6,23
;;15.11.2019;03:16;40,51;6,32
;;15.11.2019;03:26;40,59;6,44
;;15.11.2019;03:36;40,61;6,45
;;15.11.2019;03:46;40,67;6,53
;;15.11.2019;03:56;40,71;6,64
;;15.11.2019;04:06;40,71;6,6
;;15.11.2019;04:16;40,63;6,7
;;15.11.2019;04:26;40,67;6,69
;;15.11.2019;04:36;40,67;6,6
;;15.11.2019;04:46;33,52;6,28
;;15.11.2019;04:56;36,55;6,35
;;15.11.2019;05:06;38,09;6,38
;;15.11.2019;05:16;38,7;6,41
;;15.11.2019;05:26;38,95;6,43
;;15.11.2019;05:36;39,09;6,48
;;15.11.2019;05:46;39,24;6,51
;;15.11.2019;05:56;39,51;6,59
;;15.11.2019;06:06;39,79;6,52
;;15.11.2019;06:16;40;6,57
;;15.11.2019;06:26;40,02;6,58
;;15.11.2019;06:36;40,04;6,59
;;15.11.2019;06:46;39,95;6,58
;;15.11.2019;06:56;39,87;6,42
;;15.11.2019;07:06;35,93;6,25
;;15.11.2019;07:16;36,63;6,34
;;15.11.2019;07:26;38,17;6,32
;;15.11.2019;07:36;38,79;6,4
;;15.11.2019;07:46;39,22;6,4
;;15.11.2019;07:56;39,51;6,43
;;15.11.2019;08:06;39,79;6,51
;;15.11.2019;08:16;39,87;6,52
;;15.11.2019;08:26;40;6,55
;;15.11.2019;08:36;40,1;6,51
;;15.11.2019;08:46;40,12;6,34
;;15.11.2019;08:56;40,08;6,37
;;15.11.2019;09:06;40,06;6,44
;;15.11.2019;09:16;40,12;6,47
;;15.11.2019;09:26;40,24;6,39
;;15.11.2019;09:36;40,33;6,32
;;15.11.2019;09:46;40,39;6,33
;;15.11.2019;09:56;40,43;6,48
;;15.11.2019;10:06;40,43;6,4
;;15.11.2019;10:16;40,49;6,3
;;15.11.2019;10:26;40,51;6,37
;;15.11.2019;10:36;40,53;6,4
;;15.11.2019;10:46;40,45;6,54
;;15.11.2019;10:56;40,43;6,51
;;15.11.2019;11:06;40,47;6,42
;;15.11.2019;11:16;40,41;6,47
;;15.11.2019;11:26;40,31;6,4
;;15.11.2019;11:36;40,27;6,38
;;15.11.2019;11:46;40,31;6,25
;;15.11.2019;11:56;40,45;6,43
;;15.11.2019;12:06;40,55;6,35
;;15.11.2019;12:16;40,55;6,28
;;15.11.2019;12:26;40,63;6,26
;;15.11.2019;12:36;40,71;6,5
;;15.11.2019;12:46;40,82;6,57
;;15.11.2019;12:56;40,88;6,55
;;15.11.2019;13:06;40,98;6,53
;;15.11.2019;13:16;40,94;6,53
;;15.11.2019;13:26;40,92;6,46
;;15.11.2019;13:36;40,78;6,55
;;15.11.2019;13:46;40,65;6,56
;;15.11.2019;13:56;37,92;6,47
;;15.11.2019;14:06;35,74;6,23
;;15.11.2019;14:16;38,07;6,1
;;15.11.2019;14:26;38,99;6,14
;;15.11.2019;14:36;39,4;6,17
;;15.11.2019;14:46;39,48;6,17
;;15.11.2019;14:56;39,69;6,27
;;15.11.2019;15:06;39,9;6,37
;;15.11.2019;15:16;40,14;6,35
;;15.11.2019;15:26;40,31;6,34
;;15.11.2019;15:36;40,45;6,3
;;15.11.2019;15:46;40,51;6,32
;;15.11.2019;15:56;40,61;6,33
;;15.11.2019;16:06;40,63;6,32
;;15.11.2019;16:16;40,69;6,3
;;15.11.2019;16:26;40,73;6,24
;;15.11.2019;16:36;40,61;6,06
;;15.11.2019;16:46;40,49;6,02
;;15.11.2019;16:56;34,64;5,96
;;15.11.2019;17:06;36,94;6,03
;;15.11.2019;17:16;38,48;6,05
;;15.11.2019;17:26;39,37;6,04
;;15.11.2019;17:36;39,69;6,07
;;15.11.2019;17:46;39,64;6,14
;;15.11.2019;17:56;39,82;6,05
;;15.11.2019;18:06;37,31;6,17
;;15.11.2019;18:16;36,63;6,22
;;15.11.2019;18:26;38,27;6,29
;;15.11.2019;18:36;39,22;6,29
;;15.11.2019;18:46;39,66;6,27
;;15.11.2019;18:56;39,92;6,23
;;15.11.2019;19:06;40,1;6,19
;;15.11.2019;19:16;40,18;6,17
;;15.11.2019;19:26;40,31;6,16
;;15.11.2019;19:36;40,43;6,05
;;15.11.2019;19:46;40,55;5,89
;;15.11.2019;19:56;38,62;5,98
;;15.11.2019;20:06;36,18;5,85
;;15.11.2019;20:16;38,34;6,02
;;15.11.2019;20:26;39,51;6,1
;;15.11.2019;20:36;40,14;6,11
;;15.11.2019;20:46;40,39;6,11
;;15.11.2019;20:56;40,61;6,06
;;15.11.2019;21:06;40,73;6,04
;;15.11.2019;21:16;40,84;5,93
;;15.11.2019;21:26;40,82;5,82
;;15.11.2019;21:36;40,82;5,82
;;15.11.2019;21:46;40,8;5,85
;;15.11.2019;21:56;40,86;6,01
;;15.11.2019;22:06;40,86;6,1
;;15.11.2019;22:16;40,92;6,09
;;15.11.2019;22:26;41;6,08
;;15.11.2019;22:36;40;5,96
;;15.11.2019;22:46;34,83;5,84
;;15.11.2019;22:56;37,92;5,84
;;15.11.2019;23:06;39,24;6,2
;;15.11.2019;23:16;39,77;5,95
;;15.11.2019;23:26;39,82;6,07
;;15.11.2019;23:36;39,82;6,03
;;15.11.2019;23:46;39,79;6,13
;;15.11.2019;23:56;39,97;6,26
;;16.11.2019;00:06;40,2;6,28
;;16.11.2019;00:16;40,31;6,29
;;16.11.2019;00:26;40,43;6,26
;;16.11.2019;00:36;40,55;6,3
;;16.11.2019;00:46;40,43;6,25
;;16.11.2019;00:56;40,33;6,2
;;16.11.2019;01:06;35,72;5,97
;;16.11.2019;01:16;35,24;5,95
;;16.11.2019;01:26;37,6;6,13
;;16.11.2019;01:36;38,73;6,13
;;16.11.2019;01:46;39,43;6,14
;;16.11.2019;01:56;39,82;6,13
;;16.11.2019;02:06;40,1;6,1
;;16.11.2019;02:16;40,25;6,15
;;16.11.2019;02:26;40,43;6,04
;;16.11.2019;02:36;40,45;5,88
;;16.11.2019;02:46;40,37;5,91
;;16.11.2019;02:56;40,31;6,07
;;16.11.2019;03:06;40,16;6,17
;;16.11.2019;03:16;40,08;6,21
;;16.11.2019;03:26;40,1;6,21
;;16.11.2019;03:36;40,2;6,35
;;16.11.2019;03:46;40,29;6,37
;;16.11.2019;03:56;40,37;6,43
;;16.11.2019;04:06;40,41;6,41
;;16.11.2019;04:16;40,45;6,51
;;16.11.2019;04:26;40,45;6,47
;;16.11.2019;04:36;40,49;6,49
;;16.11.2019;04:46;40,43;6,4
;;16.11.2019;04:56;40,25;6,35
;;16.11.2019;05:06;40,16;6,46
;;16.11.2019;05:16;40,2;6,52
;;16.11.2019;05:26;40,22;6,59
;;16.11.2019;05:36;40,29;6,65
;;16.11.2019;05:46;40,39;6,65
;;16.11.2019;05:56;40,18;6,58
;;16.11.2019;06:06;33,36;6,47
;;16.11.2019;06:16;36,24;6,46
;;16.11.2019;06:26;37,7;6,49
;;16.11.2019;06:36;38,17;6,39
;;16.11.2019;06:46;38,36;6,43
;;16.11.2019;06:56;38,56;6,4
;;16.11.2019;07:06;38,73;6,3
;;16.11.2019;07:16;38,91;6,31
;;16.11.2019;07:26;39,09;6,36
;;16.11.2019;07:36;39,37;6,46
;;16.11.2019;07:46;39,66;6,32
;;16.11.2019;07:56;39,92;6,08
;;16.11.2019;08:06;40,14;6,11
;;16.11.2019;08:16;40,25;6,08
;;16.11.2019;08:26;40,35;6,16
;;16.11.2019;08:36;40,37;6,36
;;16.11.2019;08:46;40,43;6,36
;;16.11.2019;08:56;40,49;6,35
;;16.11.2019;09:06;40,61;6,38
;;16.11.2019;09:16;40,61;6,21
;;16.11.2019;09:26;40,49;6,22
;;16.11.2019;09:36;40,53;6,09
;;16.11.2019;09:46;40,45;6,23
;;16.11.2019;09:56;40,53;6,36
;;16.11.2019;10:06;40,55;6,43
;;16.11.2019;10:16;40,59;6,47
;;16.11.2019;10:26;40,63;6,42
;;16.11.2019;10:36;40,51;6,48
;;16.11.2019;10:46;40,49;6,47
;;16.11.2019;10:56;40,53;6,52
;;16.11.2019;11:06;40,55;6,51
;;16.11.2019;11:16;40,65;6,49
;;16.11.2019;11:26;40,65;6,52
;;16.11.2019;11:36;37,9;6,33
;;16.11.2019;11:46;33,5;6,24
;;16.11.2019;11:56;36,34;6,28
;;16.11.2019;12:06;37,84;6,29
;;16.11.2019;12:16;38,6;6,32
;;16.11.2019;12:26;39,04;6,26
;;16.11.2019;12:36;39,32;6,25
;;16.11.2019;12:46;39,48;6,21
;;16.11.2019;12:56;39,64;6,28
;;16.11.2019;13:06;39,71;6,16
;;16.11.2019;13:16;39,87;6,29
;;16.11.2019;13:26;40,08;6,37
;;16.11.2019;13:36;40,29;6,36
;;16.11.2019;13:46;40,41;6,34
;;16.11.2019;13:56;40,55;6,36
;;16.11.2019;14:06;40,63;6,25
;;16.11.2019;14:16;40,73;6,3
;;16.11.2019;14:26;40,86;6,12
;;16.11.2019;14:36;40,82;5,98
;;16.11.2019;14:46;40,74;6,18
;;16.11.2019;14:56;40,76;6,16
;;16.11.2019;15:06;38,52;6,09
;;16.11.2019;15:16;33,73;5,78
;;16.11.2019;15:26;37,18;5,76
;;16.11.2019;15:36;38,71;5,83
;;16.11.2019;15:46;39,27;5,94
;;16.11.2019;15:56;39,48;6,07
;;16.11.2019;16:06;39,58;6,21
;;16.11.2019;16:16;39,79;6,13
;;16.11.2019;16:26;39,95;6,12
;;16.11.2019;16:36;40,1;6,07
;;16.11.2019;16:46;40,24;6,11
;;16.11.2019;16:56;40,37;5,92
;;16.11.2019;17:06;40,47;5,85
;;16.11.2019;17:16;40,51;6,1
;;16.11.2019;17:26;40,45;5,97
;;16.11.2019;17:36;35,84;5,97
;;16.11.2019;17:46;35,72;5,77
;;16.11.2019;17:56;38,27;5,86
;;16.11.2019;18:06;39,35;5,75
;;16.11.2019;18:16;39,51;5,9
;;16.11.2019;18:26;39,74;5,83
;;16.11.2019;18:36;39,84;5,87
;;16.11.2019;18:46;39,9;5,7
;;16.11.2019;18:56;39,95;5,89
;;16.11.2019;19:06;40,04;6,1
;;16.11.2019;19:16;40,18;6,22
;;16.11.2019;19:26;34;6,07
;;16.11.2019;19:36;35,35;5,81
;;16.11.2019;19:46;38,07;5,65
;;16.11.2019;19:56;39,27;5,75
;;16.11.2019;20:06;39,79;5,74
;;16.11.2019;20:16;39,9;5,92
;;16.11.2019;20:26;40;6,01
;;16.11.2019;20:36;40,12;6,02
;;16.11.2019;20:46;40,29;5,88
;;16.11.2019;20:56;40,27;5,92
;;16.11.2019;21:06;40,2;5,65
;;16.11.2019;21:16;40,1;5,73
;;16.11.2019;21:26;40,12;5,71
;;16.11.2019;21:36;40,16;5,75
;;16.11.2019;21:46;40,27;5,69
;;16.11.2019;21:56;40,33;5,71
;;16.11.2019;22:06;40,39;5,88
;;16.11.2019;22:16;40,43;5,98
;;16.11.2019;22:26;40,55;5,94
;;16.11.2019;22:36;40,63;5,99
;;16.11.2019;22:46;40,67;5,91
;;16.11.2019;22:56;40,76;5,9
;;16.11.2019;23:06;33,9;5,77
;;16.11.2019;23:16;36,15;5,74
;;16.11.2019;23:26;38,38;5,82
;;16.11.2019;23:36;39,27;5,9
;;16.11.2019;23:46;39,66;5,88
;;16.11.2019;23:56;39,77;6,12
;;17.11.2019;00:06;39,84;6,17
;;17.11.2019;00:16;39,92;6,08
;;17.11.2019;00:26;39,92;6,19
;;17.11.2019;00:36;39,87;6,11
;;17.11.2019;00:46;39,92;6,04
;;17.11.2019;00:56;39,97;6,02
;;17.11.2019;01:06;40,1;6,08
;;17.11.2019;01:16;40,16;6,11
;;17.11.2019;01:26;40,18;6,11
;;17.11.2019;01:36;40,2;6,17
;;17.11.2019;01:46;40,24;6,29
;;17.11.2019;01:56;40,25;6,33
;;17.11.2019;02:06;40,25;6,24
;;17.11.2019;02:16;40,27;6,3
;;17.11.2019;02:26;40,29;6,31
;;17.11.2019;02:36;40,31;6,3
;;17.11.2019;02:46;40,35;6,36
;;17.11.2019;02:56;40,39;6,34
;;17.11.2019;03:06;40,37;6,42
;;17.11.2019;03:16;40,37;6,57
;;17.11.2019;03:26;40,31;6,61
;;17.11.2019;03:36;40,35;6,52
;;17.11.2019;03:46;40,35;6,51
;;17.11.2019;03:56;40,31;6,66
;;17.11.2019;04:06;40,24;6,54
;;17.11.2019;04:16;40,06;6,63
;;17.11.2019;04:26;32,67;6,43
;;17.11.2019;04:36;36,22;6,44
;;17.11.2019;04:46;38,11;6,54
;;17.11.2019;04:56;38,71;6,51
;;17.11.2019;05:06;38,77;6,52
;;17.11.2019;05:16;38,79;6,49
;;17.11.2019;05:26;38,93;6,43
;;17.11.2019;05:36;39,06;6,37
;;17.11.2019;05:46;39,22;6,34
;;17.11.2019;05:56;39,45;6,35
;;17.11.2019;06:06;39,53;6,28
;;17.11.2019;06:16;39,69;6,44
;;17.11.2019;06:26;39,92;6,46
;;17.11.2019;06:36;40,14;6,46
;;17.11.2019;06:46;40,33;6,53
;;17.11.2019;06:56;40,45;6,54
;;17.11.2019;07:06;40,53;6,55
;;17.11.2019;07:16;40,43;6,52
;;17.11.2019;07:26;40,27;6,47
;;17.11.2019;07:36;40,14;6,4
;;17.11.2019;07:46;40,2;6,42
;;17.11.2019;07:56;33,44;6,08
;;17.11.2019;08:06;36,94;6,07
;;17.11.2019;08:16;38,52;6,09
;;17.11.2019;08:26;39,24;6,23
;;17.11.2019;08:36;39,61;6,32
;;17.11.2019;08:46;39,69;6,32
;;17.11.2019;08:56;39,74;6,34
;;17.11.2019;09:06;39,84;6,3
;;17.11.2019;09:16;39,82;6,28
;;17.11.2019;09:26;39,74;6,32
;;17.11.2019;09:36;39,87;6,37
;;17.11.2019;09:46;40,02;6,47
;;17.11.2019;09:56;40,16;6,46
;;17.11.2019;10:06;40,29;6,5
;;17.11.2019;10:16;40,35;6,53
;;17.11.2019;10:26;40,39;6,5
;;17.11.2019;10:36;40,39;6,56
;;17.11.2019;10:46;40,39;6,58
;;17.11.2019;10:56;40,41;6,56
;;17.11.2019;11:06;40,47;6,61
;;17.11.2019;11:16;40,47;6,64
;;17.11.2019;11:26;40,49;6,71
;;17.11.2019;11:36;40,45;6,62
;;17.11.2019;11:46;40,33;6,68
;;17.11.2019;11:56;40,27;6,62
;;17.11.2019;12:06;40,35;6,59
;;17.11.2019;12:16;40,39;6,51
;;17.11.2019;12:26;40,39;6,48
;;17.11.2019;12:36;40,37;6,44
;;17.11.2019;12:46;34,4;6,47
;;17.11.2019;12:56;35,54;6,34
;;17.11.2019;13:06;37,8;6,43
;;17.11.2019;13:16;38,68;6,46
;;17.11.2019;13:26;39,22;6,47
;;17.11.2019;13:36;39,79;6,41
;;17.11.2019;13:46;40,14;6,4
;;17.11.2019;13:56;40,29;6,39
;;17.11.2019;14:06;40,37;6,36
;;17.11.2019;14:16;40,37;6,37
;;17.11.2019;14:26;40,37;6,38
;;17.11.2019;14:36;40,37;6,37
;;17.11.2019;14:46;40,43;6,37
;;17.11.2019;14:56;40,43;6,31
;;17.11.2019;15:06;34,4;6,26
;;17.11.2019;15:16;37,21;6,25
;;17.11.2019;15:26;38,66;6,3
;;17.11.2019;15:36;39,19;6,26
;;17.11.2019;15:46;39,51;6,29
;;17.11.2019;15:56;39,69;6,22
;;17.11.2019;16:06;39,74;6,23
;;17.11.2019;16:16;39,87;6,33
;;17.11.2019;16:26;40;6,35
;;17.11.2019;16:36;40,2;6,4
;;17.11.2019;16:46;40,33;6,37
;;17.11.2019;16:56;40,47;6,35
;;17.11.2019;17:06;40,47;6,33
;;17.11.2019;17:16;40,49;6,26
;;17.11.2019;17:26;34,09;5,78
;;17.11.2019;17:36;36,75;5,9
;;17.11.2019;17:46;38,6;5,9
;;17.11.2019;17:56;39,51;5,93
;;17.11.2019;18:06;39,82;5,94
;;17.11.2019;18:16;39,97;6,1
;;17.11.2019;18:26;40,04;6,13
;;17.11.2019;18:36;40,02;6,04
;;17.11.2019;18:46;40,02;5,96
;;17.11.2019;18:56;40,12;5,98
;;17.11.2019;19:06;40,2;6,09
;;17.11.2019;19:16;40,24;6,17
;;17.11.2019;19:26;36,61;5,97
;;17.11.2019;19:36;35,45;5,92
;;17.11.2019;19:46;35,87;5,97
;;17.11.2019;19:56;37,93;6,15
;;17.11.2019;20:06;39,06;6,11
;;17.11.2019;20:16;39,84;6,05
;;17.11.2019;20:26;40,02;6,06
;;17.11.2019;20:36;40,12;5,94
;;17.11.2019;20:46;40,2;5,86
;;17.11.2019;20:56;40,16;5,87
;;17.11.2019;21:06;40,1;5,83
;;17.11.2019;21:16;40,08;5,93
;;17.11.2019;21:26;40,08;6,16
;;17.11.2019;21:36;40,16;6,19
;;17.11.2019;21:46;40,29;6,24
;;17.11.2019;21:56;40,45;6,16
;;17.11.2019;22:06;40,53;6,1
;;17.11.2019;22:16;40,63;6,04
;;17.11.2019;22:26;40,63;6,05
;;17.11.2019;22:36;40,65;6,07
;;17.11.2019;22:46;40,67;6,03
;;17.11.2019;22:56;40,65;6,12
;;17.11.2019;23:06;40,55;6,13
;;17.11.2019;23:16;36,09;6,13
;;17.11.2019;23:26;35,35;5,94
;;17.11.2019;23:36;38,23;5,98
;;17.11.2019;23:46;39,04;6,05
;;17.11.2019;23:56;39,32;6,22
;;18.11.2019;00:06;39,58;6,33
;;18.11.2019;00:16;39,74;6,34
;;18.11.2019;00:26;39,87;6,36
;;18.11.2019;00:36;39,97;6,4
;;18.11.2019;00:46;40,08;6,5
;;18.11.2019;00:56;40,16;6,44
;;18.11.2019;01:06;40,2;6,45
;;18.11.2019;01:16;40,1;6,42
;;18.11.2019;01:26;40,08;6,38
;;18.11.2019;01:36;40;6,28
;;18.11.2019;01:46;39,97;6,27
;;18.11.2019;01:56;40,1;6,35
;;18.11.2019;02:06;40,16;6,34
;;18.11.2019;02:16;40,18;6,4
;;18.11.2019;02:26;40,25;6,4
;;18.11.2019;02:36;40,31;6,41
;;18.11.2019;02:46;40,31;6,47
;;18.11.2019;02:56;40,35;6,49
;;18.11.2019;03:06;40,47;6,47
;;18.11.2019;03:16;40,47;6,44
;;18.11.2019;03:26;40,49;6,51
;;18.11.2019;03:36;40,41;6,6
;;18.11.2019;03:46;40,41;6,59
;;18.11.2019;03:56;40,39;6,63
;;18.11.2019;04:06;40,43;6,69
;;18.11.2019;04:16;40,45;6,7
;;18.11.2019;04:26;40,47;6,68
;;18.11.2019;04:36;40,53;6,74
;;18.11.2019;04:46;40,51;6,75
;;18.11.2019;04:56;40,51;6,74
;;18.11.2019;05:06;38,03;6,49
;;18.11.2019;05:16;33,46;6,46
;;18.11.2019;05:26;37,02;6,57
;;18.11.2019;05:36;38,54;6,48
;;18.11.2019;05:46;38,81;6,46
;;18.11.2019;05:56;38,99;6,5
;;18.11.2019;06:06;39,11;6,44
;;18.11.2019;06:16;39,19;6,43
;;18.11.2019;06:26;39,37;6,43
;;18.11.2019;06:36;39,48;6,47
;;18.11.2019;06:46;39,56;6,45
;;18.11.2019;06:56;39,61;6,51
;;18.11.2019;07:06;39,74;6,48
;;18.11.2019;07:16;39,9;6,35
;;18.11.2019;07:26;39,97;6,3
;;18.11.2019;07:36;40,08;6,34
;;18.11.2019;07:46;40,14;6,4
;;18.11.2019;07:56;40,29;6,42
;;18.11.2019;08:06;38,56;6,27
;;18.11.2019;08:16;34,48;6,21
;;18.11.2019;08:26;36,88;6,33
;;18.11.2019;08:36;38,05;6,43
;;18.11.2019;08:46;38,58;6,48
;;18.11.2019;08:56;39,01;6,43
;;18.11.2019;09:06;39,4;6,42
;;18.11.2019;09:16;39,77;6,4
;;18.11.2019;09:26;39,84;6,29
;;18.11.2019;09:36;39,84;6,27
;;18.11.2019;09:46;39,95;6,31
;;18.11.2019;09:56;40,04;6,3
;;18.11.2019;10:06;40,08;6,32
;;18.11.2019;10:16;40,16;6,34
;;18.11.2019;10:26;40,16;6,24
;;18.11.2019;10:36;40,14;6,34
;;18.11.2019;10:46;40,1;6,42
;;18.11.2019;10:56;40,14;6,46
;;18.11.2019;11:06;40,25;6,45
;;18.11.2019;11:16;40,35;6,39
;;18.11.2019;11:26;40,45;6,38
;;18.11.2019;11:36;40,53;6,37
;;18.11.2019;11:46;40,55;6,36
;;18.11.2019;11:56;40,59;6,34
;;18.11.2019;12:06;40,74;6,24
;;18.11.2019;12:16;32,63;6,05
;;18.11.2019;12:26;35,49;6,02
;;18.11.2019;12:36;38,3;6,1
;;18.11.2019;12:46;39,37;6,17
;;18.11.2019;12:56;39,66;6,21
;;18.11.2019;13:06;39,56;6,19
;;18.11.2019;13:16;39,56;6,34
;;18.11.2019;13:26;39,71;6,29
;;18.11.2019;13:36;39,95;6,34
;;18.11.2019;13:46;40,16;6,41
;;18.11.2019;13:56;40,29;6,35
;;18.11.2019;14:06;40,47;6,46
;;18.11.2019;14:16;40,53;6,42
;;18.11.2019;14:26;40,47;6,42
;;18.11.2019;14:36;38,95;6,3
;;18.11.2019;14:46;33,61;6,06
;;18.11.2019;14:56;36,73;6,05
;;18.11.2019;15:06;38,23;6,05
;;18.11.2019;15:16;38,77;6,12
;;18.11.2019;15:26;39,24;6,16
;;18.11.2019;15:36;39,53;6,25
;;18.11.2019;15:46;39,82;6,25
;;18.11.2019;15:56;40;6,28
;;18.11.2019;16:06;40,1;6,21
;;18.11.2019;16:16;40,25;6,22
;;18.11.2019;16:26;40,35;6,23
;;18.11.2019;16:36;40,47;6,18
;;18.11.2019;16:46;40,49;6,14
;;18.11.2019;16:56;40,47;6,01
;;18.11.2019;17:06;40,47;6,21
;;18.11.2019;17:16;40,47;6,2
;;18.11.2019;17:26;35,16;6,17
;;18.11.2019;17:36;37,47;6,16
;;18.11.2019;17:46;38,85;6,3
;;18.11.2019;17:56;39,64;6,29
;;18.11.2019;18:06;40,06;6,35
;;18.11.2019;18:16;40,29;6,41
;;18.11.2019;18:26;40,43;6,28
;;18.11.2019;18:36;40,41;6,22
;;18.11.2019;18:46;40,49;6,21
;;18.11.2019;18:56;40,49;6,05
;;18.11.2019;19:06;40,49;6,03
;;18.11.2019;19:16;40,57;6,19
;;18.11.2019;19:26;40,63;6,06
;;18.11.2019;19:36;40,65;6,12
;;18.11.2019;19:46;39,01;6,22
;;18.11.2019;19:56;34,96;6
;;18.11.2019;20:06;37,97;6
;;18.11.2019;20:16;39,3;6,03
;;18.11.2019;20:26;39,9;5,76
;;18.11.2019;20:36;40,06;5,58
;;18.11.2019;20:46;40,02;5,43
;;18.11.2019;20:56;40,04;5,55
;;18.11.2019;21:06;40,2;6,29
;;18.11.2019;21:16;40,29;6,23
;;18.11.2019;21:26;40,39;6,26
;;18.11.2019;21:36;40,49;6,2
;;18.11.2019;21:46;40,61;6,2
;;18.11.2019;21:56;40,53;6,1
;;18.11.2019;22:06;40,45;6,19
;;18.11.2019;22:16;40,41;6,24
;;18.11.2019;22:26;40,47;6,24
;;18.11.2019;22:36;40,59;6,22
;;18.11.2019;22:46;40,65;6,33
;;18.11.2019;22:56;40,71;6,31
;;18.11.2019;23:06;40,76;6,38
;;18.11.2019;23:16;40,8;6,14
;;18.11.2019;23:26;40,9;6,39
;;18.11.2019;23:36;37,95;5,95
;;18.11.2019;23:46;35,58;5,95
;;18.11.2019;23:55;38,25;5,93
;;19.11.2019;00:05;39,27;6,13
;;19.11.2019;00:15;39,51;5,7
;;19.11.2019;00:25;39,58;6,28
;;19.11.2019;00:35;39,79;6,29
;;19.11.2019;00:45;40;6,38
;;19.11.2019;00:55;40,08;6,33
;;19.11.2019;01:05;40,16;6,37
;;19.11.2019;01:15;40,22;6,34
;;19.11.2019;01:25;40,29;6,24
;;19.11.2019;01:35;40,27;6,22
;;19.11.2019;01:45;40,18;6,28
;;19.11.2019;01:55;40,14;6,27
;;19.11.2019;02:05;40,12;6,36
;;19.11.2019;02:15;40,22;6,5
;;19.11.2019;02:25;40,29;6,58
;;19.11.2019;02:35;40,31;6,55
;;19.11.2019;02:45;40,37;6,54
;;19.11.2019;02:55;40,31;6,51
;;19.11.2019;03:05;40,33;6,48
;;19.11.2019;03:15;40,29;6,48
;;19.11.2019;03:25;40,33;6,57
;;19.11.2019;03:35;40,39;6,58
;;19.11.2019;03:45;40,49;6,65
;;19.11.2019;03:55;40,49;6,68
;;19.11.2019;04:05;40,49;6,61
;;19.11.2019;04:15;40,47;6,66
;;19.11.2019;04:25;40,45;6,71
;;19.11.2019;04:35;40,43;6,74
;;19.11.2019;04:45;37,08;6,47
;;19.11.2019;04:55;33,32;6,44
;;19.11.2019;05:05;36,69;6,51
;;19.11.2019;05:15;38,15;6,55
;;19.11.2019;05:25;38,46;6,56
;;19.11.2019;05:35;38,54;6,56
;;19.11.2019;05:45;38,62;6,52
;;19.11.2019;05:55;38,79;6,46
;;19.11.2019;06:05;38,99;6,42
;;19.11.2019;06:15;39,19;6,38
;;19.11.2019;06:25;39,32;6,43
;;19.11.2019;06:35;39,37;6,44
;;19.11.2019;06:45;39,51;6,43
;;19.11.2019;06:55;39,64;6,5
;;19.11.2019;07:06;39,84;6,46
;;19.11.2019;07:15;39,92;6,45
;;19.11.2019;07:25;39,97;6,41
;;19.11.2019;07:35;40,12;6,38
;;19.11.2019;07:45;40,24;6,46
;;19.11.2019;07:55;40,35;6,48
;;19.11.2019;08:05;40,41;6,46
;;19.11.2019;08:15;40,47;6,45
;;19.11.2019;08:25;40,59;6,42
;;19.11.2019;08:35;40,67;6,4
;;19.11.2019;08:45;40,67;6,38
;;19.11.2019;08:55;40,8;6,48
;;19.11.2019;09:05;40,8;6,39
;;19.11.2019;09:15;40,67;6,16
;;19.11.2019;09:25;40,47;6,08
;;19.11.2019;09:35;33,94;6,01
;;19.11.2019;09:45;36,94;6,1
;;19.11.2019;09:55;38,58;6,17
;;19.11.2019;10:05;39,11;6,22
;;19.11.2019;10:15;39,56;6,15
;;19.11.2019;10:25;39,61;5,95
;;19.11.2019;10:35;39,64;5,84
;;19.11.2019;10:45;39,82;5,91
;;19.11.2019;10:55;39,95;5,86
;;19.11.2019;11:05;40,02;6,21
;;19.11.2019;11:15;40,1;5,9
;;19.11.2019;11:25;40,16;5,91
;;19.11.2019;11:35;40,22;5,91
;;19.11.2019;11:45;40,27;5,82
;;19.11.2019;11:55;40,33;5,87
;;19.11.2019;12:05;40,45;6,15
;;19.11.2019;12:15;40,47;6,09
;;19.11.2019;12:25;40,51;6,13
;;19.11.2019;12:35;40,43;6,25
;;19.11.2019;12:45;40,35;6,27
;;19.11.2019;12:55;38,7;6,12
;;19.11.2019;13:05;34,79;5,97
;;19.11.2019;13:15;37,66;5,99
;;19.11.2019;13:25;38,75;6,09
;;19.11.2019;13:35;39,17;6,08
;;19.11.2019;13:45;39,56;6,11
;;19.11.2019;13:55;39,53;6,28
;;19.11.2019;14:05;39,64;6,17
;;19.11.2019;14:15;39,71;6,31
;;19.11.2019;14:25;39,82;6,35
;;19.11.2019;14:35;39,97;6,27
;;19.11.2019;14:45;40,14;6,41
;;19.11.2019;14:55;40,29;6,39
;;19.11.2019;15:05;40,41;6,51
;;19.11.2019;15:15;40,45;6,33
;;19.11.2019;15:25;40,39;6,31
;;19.11.2019;15:35;40,43;6,25
;;19.11.2019;15:45;40,53;6,13
;;19.11.2019;15:55;32,4;5,92
;;19.11.2019;16:05;35,53;5,95
;;19.11.2019;16:15;37,8;5,94
;;19.11.2019;16:25;38,71;6
;;19.11.2019;16:35;39,24;6,02
;;19.11.2019;16:45;39,45;6,17
;;19.11.2019;16:55;39,58;6,08
;;19.11.2019;17:05;39,69;6,22
;;19.11.2019;17:15;39,9;6,32
;;19.11.2019;17:25;40,14;6,32
;;19.11.2019;17:35;40,31;6,3
;;19.11.2019;17:45;40,37;6,23
;;19.11.2019;17:55;40,35;6,14
;;19.11.2019;18:05;40,27;5,91
;;19.11.2019;18:15;40,25;5,94
;;19.11.2019;18:25;40,27;5,98
;;19.11.2019;18:35;35,99;5,99
;;19.11.2019;18:45;38,19;5,9
;;19.11.2019;18:55;39,37;5,95
;;19.11.2019;19:05;39,97;5,99
;;19.11.2019;19:15;40,24;5,87
;;19.11.2019;19:25;40,37;5,92
;;19.11.2019;19:35;40,49;5,93
;;19.11.2019;19:45;40,65;5,93
;;19.11.2019;19:55;40,61;5,98
;;19.11.2019;20:05;40,61;6,15
;;19.11.2019;20:15;40,74;6,16
;;19.11.2019;20:25;40,82;6,1
;;19.11.2019;20:35;40,74;6,04
;;19.11.2019;20:45;36,53;5,93
;;19.11.2019;20:55;36,71;5,76
;;19.11.2019;21:05;38,73;5,71
;;19.11.2019;21:15;39,53;5,85
;;19.11.2019;21:25;39,74;5,91
;;19.11.2019;21:35;39,69;6,1
;;19.11.2019;21:45;39,74;6,18
;;19.11.2019;21:55;40;6,2
;;19.11.2019;22:05;40,18;6,23
;;19.11.2019;22:15;40,29;6,24
;;19.11.2019;22:25;40,45;6,25
;;19.11.2019;22:35;40,53;6,22
;;19.11.2019;22:45;40,61;6,15
;;19.11.2019;22:55;40,51;6,2
;;19.11.2019;23:05;40,33;6,13
;;19.11.2019;23:15;40,35;6,27
;;19.11.2019;23:25;40,33;6,29
;;19.11.2019;23:35;40,43;6,37
;;19.11.2019;23:45;40,41;6,36
;;19.11.2019;23:55;40,33;6,39
;;20.11.2019;00:05;40,35;6,41
;;20.11.2019;00:15;40,39;6,38
;;20.11.2019;00:25;40,37;6,41
;;20.11.2019;00:35;40,45;6,48
;;20.11.2019;00:45;40,51;6,54
;;20.11.2019;00:55;40,45;6,6
;;20.11.2019;01:05;40,43;6,6
;;20.11.2019;01:15;40,45;6,61
;;20.11.2019;01:25;40,45;6,61
;;20.11.2019;01:35;40,57;6,58
;;20.11.2019;01:45;40,61;6,6
;;20.11.2019;01:55;40,61;6,61
;;20.11.2019;02:05;40,57;6,68
;;20.11.2019;02:15;40,55;6,74
;;20.11.2019;02:25;40,57;6,79
;;20.11.2019;02:35;40,43;6,75
;;20.11.2019;02:45;40,41;6,86
;;20.11.2019;02:55;40,43;6,8
;;20.11.2019;03:05;40,49;6,82
;;20.11.2019;03:15;40,55;6,86
;;20.11.2019;03:25;40,61;6,87
;;20.11.2019;03:35;40,63;6,82
;;20.11.2019;03:45;40,57;6,76
;;20.11.2019;03:55;30,67;6,64
;;20.11.2019;04:05;34,71;6,56
;;20.11.2019;04:15;37,08;6,6
;;20.11.2019;04:25;37,78;6,59
;;20.11.2019;04:35;37,95;6,6
;;20.11.2019;04:45;38,13;6,56
;;20.11.2019;04:55;38,34;6,54
;;20.11.2019;05:05;38,52;6,52
;;20.11.2019;05:15;38,7;6,54
;;20.11.2019;05:25;38,91;6,47
;;20.11.2019;05:35;39,09;6,45
;;20.11.2019;05:45;39,24;6,37
;;20.11.2019;05:55;39,4;6,35
;;20.11.2019;06:05;39,56;6,37
;;20.11.2019;06:15;39,66;6,43
;;20.11.2019;06:25;39,69;6,43
;;20.11.2019;06:35;39,79;6,47
;;20.11.2019;06:45;39,92;6,48
;;20.11.2019;06:55;40,04;6,46
;;20.11.2019;07:05;40,08;6,47
;;20.11.2019;07:15;40,12;6,44
;;20.11.2019;07:25;40,27;6,39
;;20.11.2019;07:35;40,35;6,28
;;20.11.2019;07:45;40,41;6,43
;;20.11.2019;07:55;40,35;6,43
;;20.11.2019;08:05;40,53;6,52
;;20.11.2019;08:15;40,65;6,5
;;20.11.2019;08:25;40,74;6,57
;;20.11.2019;08:35;40,82;6,52
;;20.11.2019;08:45;40,88;6,52
;;20.11.2019;08:55;40,86;6,55
;;20.11.2019;09:05;40,94;6,52
;;20.11.2019;09:15;40,88;6,44
;;20.11.2019;09:25;40,88;6,47
;;20.11.2019;09:35;40,71;6,49
;;20.11.2019;09:45;40,67;6,37
;;20.11.2019;09:55;40,61;6,23
;;20.11.2019;10:05;36,92;6,22
;;20.11.2019;10:15;33,96;6,2
;;20.11.2019;10:25;36,92;6,25
;;20.11.2019;10:35;38,17;6,26
;;20.11.2019;10:45;38,89;6,29
;;20.11.2019;10:55;39,48;6,31
;;20.11.2019;11:05;39,58;6,2
;;20.11.2019;11:15;39,56;6,23
;;20.11.2019;11:25;39,58;6,17
;;20.11.2019;11:35;39,64;6,24
;;20.11.2019;11:45;39,84;6,41
;;20.11.2019;11:55;40,1;6,42
;;20.11.2019;12:05;40,24;6,39
;;20.11.2019;12:15;40,33;6,34
;;20.11.2019;12:25;40,39;6,31
;;20.11.2019;12:35;40,45;6,33
;;20.11.2019;12:45;40,49;6,27
;;20.11.2019;12:55;40,55;6,17
;;20.11.2019;13:05;40,49;6,16
;;20.11.2019;13:15;40,51;6,06
;;20.11.2019;13:25;40,57;6,06
;;20.11.2019;13:35;40,59;6,16
;;20.11.2019;13:45;40,53;6,22
;;20.11.2019;13:55;40,53;6,13
;;20.11.2019;14:05;33,38;5,88
;;20.11.2019;14:15;36,4;5,92
;;20.11.2019;14:25;38,64;5,84
;;20.11.2019;14:35;39,4;5,93
;;20.11.2019;14:45;39,48;6,01
;;20.11.2019;14:55;39,48;5,91
;;20.11.2019;15:05;39,58;6,02
;;20.11.2019;15:15;39,74;6
;;20.11.2019;15:25;40,06;6,19
;;20.11.2019;15:35;40,12;6,26
;;20.11.2019;15:45;38,3;6,11
;;20.11.2019;15:55;35,6;6
;;20.11.2019;16:05;37,86;6,11
;;20.11.2019;16:15;38,97;6,19
;;20.11.2019;16:25;39,48;6,11
;;20.11.2019;16:35;39,79;6,13
;;20.11.2019;16:45;40,08;6,2
;;20.11.2019;16:55;40,27;6,24
;;20.11.2019;17:05;40,41;6,23
;;20.11.2019;17:15;40,49;6,17
;;20.11.2019;17:25;40,43;6,06
;;20.11.2019;17:35;38,77;6,03
;;20.11.2019;17:45;38,97;5,93
;;20.11.2019;17:55;40;5,93
;;20.11.2019;18:05;40,2;6,01
;;20.11.2019;18:15;40,2;6,02
;;20.11.2019;18:25;40,29;5,95
;;20.11.2019;18:35;40,24;6,08
;;20.11.2019;18:45;40,2;6,17
;;20.11.2019;18:55;40,35;6
;;20.11.2019;19:05;40,39;5,94
;;20.11.2019;19:15;40,43;6,03
;;20.11.2019;19:25;35,84;5,98
;;20.11.2019;19:35;35,16;6
;;20.11.2019;19:45;37,84;5,98
;;20.11.2019;19:55;38,97;5,88
;;20.11.2019;20:05;39,58;6
;;20.11.2019;20:15;39,92;6,11
;;20.11.2019;20:25;40,18;6,26
;;20.11.2019;20:35;40,31;6,12
;;20.11.2019;20:45;40,45;6,2
;;20.11.2019;20:55;40,57;6,18
;;20.11.2019;21:05;40,65;6,07
;;20.11.2019;21:15;40,69;6,12
;;20.11.2019;21:25;40,69;6,2
;;20.11.2019;21:35;40,69;6,07
;;20.11.2019;21:45;40,14;5,94
;;20.11.2019;21:55;35,2;5,81
;;20.11.2019;22:05;37,74;5,87
;;20.11.2019;22:15;39,3;5,88
;;20.11.2019;22:25;39,95;5,95
;;20.11.2019;22:35;40,14;6,1
;;20.11.2019;22:45;40,22;6,21
;;20.11.2019;22:55;40,29;6,2
;;20.11.2019;23:05;40,35;6,24
;;20.11.2019;23:15;40,27;6,17
;;20.11.2019;23:25;40,18;6,22
;;20.11.2019;23:35;40,06;6,23
;;20.11.2019;23:45;40,08;6,2
;;20.11.2019;23:55;40,06;6,28
;;21.11.2019;00:05;40,2;6,28
;;21.11.2019;00:15;40,35;6,3
;;21.11.2019;00:25;40,47;6,3
;;21.11.2019;00:35;40,57;6,3
;;21.11.2019;00:45;40,59;6,28
;;21.11.2019;00:55;40,55;6,36
;;21.11.2019;01:05;40,45;6,4
;;21.11.2019;01:15;40,47;6,5
;;21.11.2019;01:25;40,57;6,55
;;21.11.2019;01:35;40,63;6,53
;;21.11.2019;01:45;40,69;6,63
;;21.11.2019;01:55;40,78;6,55
;;21.11.2019;02:05;40,67;6,48
;;21.11.2019;02:15;40,57;6,61
;;21.11.2019;02:25;40,55;6,65
;;21.11.2019;02:35;40,61;6,59
;;21.11.2019;02:45;40,61;6,63
;;21.11.2019;02:55;40,57;6,75
;;21.11.2019;03:05;40,63;6,76
;;21.11.2019;03:15;40,69;6,77
;;21.11.2019;03:25;40,69;6,76
;;21.11.2019;03:35;40,61;6,74
;;21.11.2019;03:45;40,57;6,71
;;21.11.2019;03:55;40,61;6,79
;;21.11.2019;04:05;40,65;6,78
;;21.11.2019;04:15;40,69;6,89
;;21.11.2019;04:25;40,71;6,91
;;21.11.2019;04:35;40,71;6,91
;;21.11.2019;04:45;40,67;6,84
;;21.11.2019;04:55;40,71;6,67
;;21.11.2019;05:05;33,46;6,63
;;21.11.2019;05:15;35,74;6,63
;;21.11.2019;05:25;38,03;6,64
;;21.11.2019;05:35;38,6;6,6
;;21.11.2019;05:45;38,68;6,59
;;21.11.2019;05:55;38,79;6,51
;;21.11.2019;06:05;38,93;6,49
;;21.11.2019;06:15;39,11;6,52
;;21.11.2019;06:25;39,3;6,49
;;21.11.2019;06:35;39,45;6,43
;;21.11.2019;06:45;39,53;6,46
;;21.11.2019;06:55;39,66;6,47
;;21.11.2019;07:05;37,53;6,36
;;21.11.2019;07:15;38,46;6,44
;;21.11.2019;07:25;39,14;6,44
;;21.11.2019;07:35;39,61;6,5
;;21.11.2019;07:45;39,84;6,44
;;21.11.2019;07:55;40,12;6,41
;;21.11.2019;08:05;40,33;6,49
;;21.11.2019;08:15;40,51;6,43
;;21.11.2019;08:25;40,59;6,48
;;21.11.2019;08:35;40,71;6,46
;;21.11.2019;08:45;40,78;6,4
;;21.11.2019;08:55;40,73;6,42
;;21.11.2019;09:05;40,67;6,47
;;21.11.2019;09:15;40,59;6,47
;;21.11.2019;09:25;40,47;6,41
;;21.11.2019;09:35;40,47;6,49
;;21.11.2019;09:45;40,51;6,5
;;21.11.2019;09:55;40,63;6,57
;;21.11.2019;10:05;40,69;6,55
;;21.11.2019;10:15;40,65;6,58
;;21.11.2019;10:25;40,65;6,6
;;21.11.2019;10:35;40,67;6,61
;;21.11.2019;10:45;40,73;6,64
;;21.11.2019;10:55;40,74;6,59
;;21.11.2019;11:05;40,69;6,57
;;21.11.2019;11:15;40,59;6,55
;;21.11.2019;11:25;39,74;6,46
;;21.11.2019;11:35;31,74;6,35
;;21.11.2019;11:45;35,58;6,37
;;21.11.2019;11:55;37,39;6,37
;;21.11.2019;12:05;38,36;6,34
;;21.11.2019;12:15;38,66;6,41
;;21.11.2019;12:25;38,85;6,35
;;21.11.2019;12:35;39,09;6,36
;;21.11.2019;12:45;39,24;6,33
;;21.11.2019;12:55;39,4;6,4
;;21.11.2019;13:05;39,71;6,49
;;21.11.2019;13:15;40,02;6,49
;;21.11.2019;13:25;40,24;6,52
;;21.11.2019;13:35;40,43;6,5
;;21.11.2019;13:45;40,53;6,37
;;21.11.2019;13:55;40,57;6,47
;;21.11.2019;14:05;40,57;6,23
;;21.11.2019;14:15;33,09;5,86
;;21.11.2019;14:25;35,64;5,97
;;21.11.2019;14:35;37,92;5,97
;;21.11.2019;14:45;38,85;6,08
;;21.11.2019;14:55;39,32;6,11
;;21.11.2019;15:05;39,61;6,13
;;21.11.2019;15:15;39,84;6,14
;;21.11.2019;15:25;39,79;5,94
;;21.11.2019;15:35;39,71;5,82
;;21.11.2019;15:45;39,77;5,8
;;21.11.2019;15:55;39,95;5,91
;;21.11.2019;16:05;40,08;6,16
;;21.11.2019;16:15;40,18;6,13
;;21.11.2019;16:25;40,33;5,94
;;21.11.2019;16:35;35,06;5,91
;;21.11.2019;16:45;35,86;5,61
;;21.11.2019;16:55;38,17;5,71
;;21.11.2019;17:05;39,04;5,68
;;21.11.2019;17:15;39,51;5,66
;;21.11.2019;17:25;39,64;5,69
;;21.11.2019;17:35;39,82;5,79
;;21.11.2019;17:45;40,1;5,99
;;21.11.2019;17:55;40,22;5,67
;;21.11.2019;18:05;40,14;5,68
;;21.11.2019;18:15;34,58;5,76
;;21.11.2019;18:25;36,01;5,69
;;21.11.2019;18:35;38,23;5,63
;;21.11.2019;18:45;39,17;5,76
;;21.11.2019;18:55;39,69;5,95
;;21.11.2019;19:05;39,84;6,02
;;21.11.2019;19:15;39,95;5,97
;;21.11.2019;19:25;40,12;5,99
;;21.11.2019;19:35;40,24;5,83
;;21.11.2019;19:45;35,39;5,65
;;21.11.2019;19:55;37,45;5,8
;;21.11.2019;20:05;38,83;5,91
;;21.11.2019;20:15;39,87;5,85
;;21.11.2019;20:25;40,31;5,85
;;21.11.2019;20:35;40,51;5,77
;;21.11.2019;20:45;40,65;5,73
;;21.11.2019;20:55;40,53;5,84
;;21.11.2019;21:05;40,29;5,72
;;21.11.2019;21:15;40,22;5,86
;;21.11.2019;21:25;40,27;5,82
;;21.11.2019;21:35;40,37;5,82
;;21.11.2019;21:45;40,37;5,99
;;21.11.2019;21:55;40,43;6,05
;;21.11.2019;22:05;40,53;6,04
;;21.11.2019;22:15;40,67;5,98
;;21.11.2019;22:25;40,74;5,96
;;21.11.2019;22:35;39,4;5,81
;;21.11.2019;22:45;35,22;5,88
;;21.11.2019;22:55;37,43;5,77
;;21.11.2019;23:05;38,87;5,9
;;21.11.2019;23:15;39,51;6,02
;;21.11.2019;23:25;39,82;6,21
;;21.11.2019;23:35;40,06;6,24
;;21.11.2019;23:45;40,14;6,17
;;21.11.2019;23:55;40,22;6,31
;;22.11.2019;00:05;40,24;6,42
;;22.11.2019;00:15;40,25;6,33
;;22.11.2019;00:25;40,12;6,25
;;22.11.2019;00:35;40,1;6,28
;;22.11.2019;00:45;40,08;6,31
;;22.11.2019;00:55;40,12;6,27
;;22.11.2019;01:05;40,2;6,33
;;22.11.2019;01:15;40,18;6,38
;;22.11.2019;01:25;40,22;6,42
;;22.11.2019;01:35;40,27;6,47
;;22.11.2019;01:45;40,31;6,48
;;22.11.2019;01:55;40,37;6,52
;;22.11.2019;02:05;40,37;6,58
;;22.11.2019;02:15;40,51;6,55
;;22.11.2019;02:25;40,47;6,62
;;22.11.2019;02:35;40,47;6,72
;;22.11.2019;02:45;40,51;6,67
;;22.11.2019;02:55;40,33;6,7
;;22.11.2019;03:05;40,25;6,65
;;22.11.2019;03:15;40,31;6,74
;;22.11.2019;03:25;40,31;6,71
;;22.11.2019;03:35;40,39;6,78
;;22.11.2019;03:45;40,41;6,79
;;22.11.2019;03:55;40,33;6,77
;;22.11.2019;04:05;33,44;6,52
;;22.11.2019;04:15;36,59;6,57
;;22.11.2019;04:25;38,07;6,67
;;22.11.2019;04:35;38,5;6,62
;;22.11.2019;04:45;38,66;6,59
;;22.11.2019;04:55;38,77;6,68
;;22.11.2019;05:05;38,83;6,57
;;22.11.2019;05:15;38,97;6,52
;;22.11.2019;05:25;39,11;6,5
;;22.11.2019;05:35;39,3;6,44
;;22.11.2019;05:45;39,37;6,4
;;22.11.2019;05:55;39,56;6,42
;;22.11.2019;06:05;39,64;6,44
;;22.11.2019;06:15;39,71;6,51
;;22.11.2019;06:25;39,87;6,44
;;22.11.2019;06:35;39,9;6,44
;;22.11.2019;06:45;40,06;6,33
;;22.11.2019;06:55;40,12;6,39
;;22.11.2019;07:05;33,98;6,32
;;22.11.2019;07:15;36,5;6,16
;;22.11.2019;07:25;38,05;6,31
;;22.11.2019;07:35;38,75;6,25
;;22.11.2019;07:45;39,3;6,28
;;22.11.2019;07:55;39,69;6,36
;;22.11.2019;08:05;39,9;6,28
;;22.11.2019;08:15;40,12;6,27
;;22.11.2019;08:25;40,2;6,32
;;22.11.2019;08:35;40,27;6,44
;;22.11.2019;08:45;40,22;6,23
;;22.11.2019;08:55;40,2;6,25
;;22.11.2019;09:05;40,18;6,36
;;22.11.2019;09:15;40,22;6,09
;;22.11.2019;09:25;40,24;6,3
;;22.11.2019;09:35;40,31;6,08
;;22.11.2019;09:45;40,33;6,1
;;22.11.2019;09:55;40,41;6,52
;;22.11.2019;10:05;40,41;6,7
;;22.11.2019;10:15;40,37;6,47
;;22.11.2019;10:25;40,31;6,43
;;22.11.2019;10:35;40,31;6,55
;;22.11.2019;10:45;40,29;6,45
;;22.11.2019;10:55;37,35;6,31
;;22.11.2019;11:05;35,2;6,25
;;22.11.2019;11:15;37,51;6,34
;;22.11.2019;11:25;38,66;6,36
;;22.11.2019;11:35;39,04;6,45
;;22.11.2019;11:45;39,48;6,37
;;22.11.2019;11:55;39,56;6,27
;;22.11.2019;12:05;39,71;6,3
;;22.11.2019;12:15;39,74;6,31
;;22.11.2019;12:25;39,9;6,23
;;22.11.2019;12:35;40,08;6,42
;;22.11.2019;12:45;40,25;6,15
;;22.11.2019;12:55;40,35;6,14
;;22.11.2019;13:05;40,51;6,42
;;22.11.2019;13:15;40,57;6,39
;;22.11.2019;13:25;40,39;6,32
;;22.11.2019;13:35;35,02;5,96
;;22.11.2019;13:45;37,68;5,97
;;22.11.2019;13:55;38,89;5,64
;;22.11.2019;14:05;39,43;5,96
;;22.11.2019;14:15;39,77;6,22
;;22.11.2019;14:25;40;6,17
;;22.11.2019;14:35;40,1;6,18
;;22.11.2019;14:45;40,22;6,17
;;22.11.2019;14:55;40,35;6,2
;;22.11.2019;15:05;40,45;6,09
;;22.11.2019;15:15;40,65;6
;;22.11.2019;15:25;40,65;5,98
;;22.11.2019;15:35;40,63;5,87
;;22.11.2019;15:45;40,63;5,88
;;22.11.2019;15:55;40,51;5,98
;;22.11.2019;16:05;40,51;6,03
;;22.11.2019;16:15;34,94;5,99
;;22.11.2019;16:25;34,67;5,81
;;22.11.2019;16:35;37,92;6,04
;;22.11.2019;16:45;39,11;6
;;22.11.2019;16:55;39,37;6,18
;;22.11.2019;17:05;39,51;6,01
;;22.11.2019;17:15;39,61;5,83
;;22.11.2019;17:25;39,71;6,11
;;22.11.2019;17:35;39,71;6,06
;;22.11.2019;17:45;39,74;5,99
;;22.11.2019;17:55;39,87;6,1
;;22.11.2019;18:05;39,87;6,02
;;22.11.2019;18:15;39,92;6,26
;;22.11.2019;18:25;38,91;6,31
;;22.11.2019;18:35;34,83;6,15
;;22.11.2019;18:45;37,27;6,25
;;22.11.2019;18:55;38,68;6,16
;;22.11.2019;19:05;39,58;6,18
;;22.11.2019;19:15;40,06;6,03
;;22.11.2019;19:25;40,24;5,89
;;22.11.2019;19:35;40,24;5,9
;;22.11.2019;19:45;40,35;5,76
;;22.11.2019;19:55;40,45;5,83
;;22.11.2019;20:05;40,47;5,99
;;22.11.2019;20:15;40,57;6,1
;;22.11.2019;20:25;40,47;5,97
;;22.11.2019;20:35;36,17;5,77
;;22.11.2019;20:45;37,82;5,68
;;22.11.2019;20:55;39,17;5,84
;;22.11.2019;21:05;39,87;6,1
;;22.11.2019;21:15;40,18;6,13
;;22.11.2019;21:25;40,31;6,12
;;22.11.2019;21:35;40,43;6,1
;;22.11.2019;21:45;40,55;6
;;22.11.2019;21:55;40,67;6,01
;;22.11.2019;22:05;40,65;5,95
;;22.11.2019;22:15;40,57;5,97
;;22.11.2019;22:25;40,47;5,95
;;22.11.2019;22:35;40,43;6,07
;;22.11.2019;22:45;40,57;6,05
;;22.11.2019;22:55;40,63;6,1
;;22.11.2019;23:05;40,67;6,23
;;22.11.2019;23:15;40,61;6,15
;;22.11.2019;23:25;40,65;6,19
;;22.11.2019;23:35;40,61;6,24
;;22.11.2019;23:45;34,19;6,03
;;22.11.2019;23:55;36,57;6,02
;;23.11.2019;00:05;38,46;6,18
;;23.11.2019;00:15;38,95;6,2
;;23.11.2019;00:25;39,19;6,31
;;23.11.2019;00:35;39,27;6,32
;;23.11.2019;00:45;39,43;6,43
;;23.11.2019;00:55;39,69;6,39
;;23.11.2019;01:05;39,74;6,45
;;23.11.2019;01:15;39,66;6,45
;;23.11.2019;01:25;39,64;6,42
;;23.11.2019;01:35;39,64;6,45
;;23.11.2019;01:45;39,79;6,43
;;23.11.2019;01:55;39,97;6,37
;;23.11.2019;02:05;40,06;6,33
;;23.11.2019;02:15;40,14;6,33
;;23.11.2019;02:25;40,12;6,37
;;23.11.2019;02:35;40,16;6,45
;;23.11.2019;02:45;40,24;6,48
;;23.11.2019;02:55;40,27;6,51
;;23.11.2019;03:05;40,33;6,53
;;23.11.2019;03:15;40,39;6,58
;;23.11.2019;03:25;40,41;6,66
;;23.11.2019;03:35;40,33;6,62
;;23.11.2019;03:45;40,31;6,72
;;23.11.2019;03:55;40,27;6,74
;;23.11.2019;04:05;40,22;6,76
;;23.11.2019;04:15;40,2;6,69
;;23.11.2019;04:25;40,14;6,71
;;23.11.2019;04:35;40,14;6,71
;;23.11.2019;04:45;40,16;6,61
;;23.11.2019;04:55;40,2;6,79
;;23.11.2019;05:05;40,29;6,77
;;23.11.2019;05:15;40,25;6,76
;;23.11.2019;05:25;40,24;6,71
;;23.11.2019;05:35;40,16;6,66
;;23.11.2019;05:45;40,12;6,67
;;23.11.2019;05:55;40,1;6,67
;;23.11.2019;06:05;35,91;6,53
;;23.11.2019;06:15;34,81;6,48
;;23.11.2019;06:25;37,1;6,46
;;23.11.2019;06:35;38,25;6,47
;;23.11.2019;06:45;38,7;6,47
;;23.11.2019;06:55;38,97;6,49
;;23.11.2019;07:05;39,09;6,43
;;23.11.2019;07:15;39,19;6,5
;;23.11.2019;07:25;39,35;6,47
;;23.11.2019;07:35;39,51;6,47
;;23.11.2019;07:45;39,71;6,52
;;23.11.2019;07:55;39,92;6,49
;;23.11.2019;08:05;40,1;6,5
;;23.11.2019;08:15;40,2;6,52
;;23.11.2019;08:25;40,29;6,58
;;23.11.2019;08:35;40,37;6,49
;;23.11.2019;08:45;40,45;6,57
;;23.11.2019;08:55;40,55;6,51
;;23.11.2019;09:05;40,49;6,55
;;23.11.2019;09:15;40,45;6,51
;;23.11.2019;09:25;40,35;6,62
;;23.11.2019;09:35;40,37;6,57
;;23.11.2019;09:45;40,35;6,49
;;23.11.2019;09:55;40,37;6,63
;;23.11.2019;10:05;40,29;6,61
;;23.11.2019;10:15;40,37;6,5
;;23.11.2019;10:25;40,45;6,42
;;23.11.2019;10:35;40,45;6,4
;;23.11.2019;10:45;37,86;6,36
;;23.11.2019;10:55;32,05;6,33
;;23.11.2019;11:05;35,8;6,32
;;23.11.2019;11:15;37,43;6,39
;;23.11.2019;11:25;38,34;6,43
;;23.11.2019;11:35;38,97;6,39
;;23.11.2019;11:45;39,45;6,38
;;23.11.2019;11:55;39,64;6,33
;;23.11.2019;12:05;39,71;6,33
;;23.11.2019;12:15;39,82;6,34
;;23.11.2019;12:25;39,82;6,34
;;23.11.2019;12:35;39,82;6,36
;;23.11.2019;12:45;39,82;6,41
;;23.11.2019;12:55;39,84;6,5
;;23.11.2019;13:05;39,95;6,49
;;23.11.2019;13:15;40,04;6,55
;;23.11.2019;13:25;40,16;6,63
;;23.11.2019;13:35;40,25;6,68
;;23.11.2019;13:45;40,29;6,62
;;23.11.2019;13:55;40,29;6,6
;;23.11.2019;14:05;40,25;6,51
;;23.11.2019;14:15;40,25;6,54
;;23.11.2019;14:25;40,2;6,42
;;23.11.2019;14:35;40,14;6,45
;;23.11.2019;14:45;40,18;6,38
;;23.11.2019;14:55;40,12;6,35
;;23.11.2019;15:05;33,81;6,26
;;23.11.2019;15:15;34,87;6,25
;;23.11.2019;15:25;37,21;6,43
;;23.11.2019;15:35;38,48;6,45
;;23.11.2019;15:45;38,97;6,41
;;23.11.2019;15:55;39,35;6,4
;;23.11.2019;16:05;39,84;6,32
;;23.11.2019;16:15;40,12;6,29
;;23.11.2019;16:25;40,25;6,21
;;23.11.2019;16:35;40,29;6,14
;;23.11.2019;16:45;40,31;6,2
;;23.11.2019;16:55;40,37;6,12
;;23.11.2019;17:05;40,33;6,1
;;23.11.2019;17:15;40,39;5,97
;;23.11.2019;17:25;34,94;5,98
;;23.11.2019;17:35;37,25;6,04
;;23.11.2019;17:45;38,62;6,07
;;23.11.2019;17:55;39,27;6,11
;;23.11.2019;18:05;39,61;6,12
;;23.11.2019;18:15;39,74;6,11
;;23.11.2019;18:25;39,82;6,11
;;23.11.2019;18:35;39,92;6,24
;;23.11.2019;18:45;39,97;6,23
;;23.11.2019;18:55;40,04;6,25
;;23.11.2019;19:05;40,16;6,25
;;23.11.2019;19:15;34,89;6,08
;;23.11.2019;19:25;37,27;6
;;23.11.2019;19:35;38,83;5,98
;;23.11.2019;19:45;39,64;5,91
;;23.11.2019;19:55;39,87;6,07
;;23.11.2019;20:05;40,1;6,23
;;23.11.2019;20:15;40,2;6,12
;;23.11.2019;20:25;40,35;6,18
;;23.11.2019;20:35;40,51;6,06
;;23.11.2019;20:45;40,57;5,67
;;23.11.2019;20:55;40,51;5,89
;;23.11.2019;21:05;40,41;5,88
;;23.11.2019;21:15;40,45;6,03
;;23.11.2019;21:25;40,49;5,91
;;23.11.2019;21:35;40,53;5,85
;;23.11.2019;21:45;40,61;5,88
;;23.11.2019;21:55;40,53;5,73
;;23.11.2019;22:05;40,43;5,9
;;23.11.2019;22:15;38,13;5,62
;;23.11.2019;22:25;35,64;5,46
;;23.11.2019;22:35;37,8;5,49
;;23.11.2019;22:45;38,77;5,58
;;23.11.2019;22:55;39,4;5,78
;;23.11.2019;23:05;39,66;5,87
;;23.11.2019;23:15;39,92;5,88
;;23.11.2019;23:25;40,04;6,06
;;23.11.2019;23:35;40,2;5,91
;;23.11.2019;23:45;40,37;5,75
;;23.11.2019;23:55;40,41;5,63
;;24.11.2019;00:05;40,29;5,6
;;24.11.2019;00:15;40,35;5,81
;;24.11.2019;00:25;40,49;5,75
;;24.11.2019;00:35;40,57;5,68
;;24.11.2019;00:45;40,65;5,83
;;24.11.2019;00:55;40,55;5,78
;;24.11.2019;01:05;40,35;5,87
;;24.11.2019;01:15;40,27;5,79
;;24.11.2019;01:25;40,33;5,89
;;24.11.2019;01:35;40,39;5,96
;;24.11.2019;01:45;38,44;5,94
;;24.11.2019;01:55;33,17;5,69
;;24.11.2019;02:05;36,32;5,86
;;24.11.2019;02:15;38,21;5,91
;;24.11.2019;02:25;38,81;6,01
;;24.11.2019;02:35;38,83;6,15
;;24.11.2019;02:45;39,11;6,18
;;24.11.2019;02:55;39,43;6,16
;;24.11.2019;03:05;39,61;6,21
;;24.11.2019;03:15;39,82;6,23
;;24.11.2019;03:25;39,97;6,28
;;24.11.2019;03:35;39,95;6,24
;;24.11.2019;03:45;39,82;6,17
;;24.11.2019;03:55;39,84;6,26
;;24.11.2019;04:05;39,92;6,3
;;24.11.2019;04:15;40,02;6,27
;;24.11.2019;04:25;40,1;6,16
;;24.11.2019;04:35;40,16;6,26
;;24.11.2019;04:45;40,18;6,32
;;24.11.2019;04:55;40,24;6,35
;;24.11.2019;05:05;40,29;6,45
;;24.11.2019;05:15;40,22;6,51
;;24.11.2019;05:25;40,2;6,59
;;24.11.2019;05:35;40,22;6,45
;;24.11.2019;05:45;40,18;6,34
;;24.11.2019;05:55;40,18;6,41
;;24.11.2019;06:05;40,16;6,33
;;24.11.2019;06:15;40,06;6,35
;;24.11.2019;06:25;40,02;6,35
;;24.11.2019;06:35;33,54;6,25
;;24.11.2019;06:45;36,42;6,25
;;24.11.2019;06:55;38,25;6,29
;;24.11.2019;07:05;38,93;6,19
;;24.11.2019;07:15;39,17;6,28
;;24.11.2019;07:25;39,32;6,25
;;24.11.2019;07:35;39,43;6,2
;;24.11.2019;07:45;39,66;6,23
;;24.11.2019;07:55;39,84;6,29
;;24.11.2019;08:05;39,92;6,32
;;24.11.2019;08:15;39,95;6,3
;;24.11.2019;08:25;40,1;6,36
;;24.11.2019;08:35;40,18;6,4
;;24.11.2019;08:45;40,25;6,3
;;24.11.2019;08:55;40,27;6,24
;;24.11.2019;09:05;40,35;6,5
;;24.11.2019;09:15;40,43;6,34
;;24.11.2019;09:25;40,41;6,07
;;24.11.2019;09:35;40,35;6,36
;;24.11.2019;09:45;40,31;6,27
;;24.11.2019;09:55;40,27;6,25
;;24.11.2019;10:05;38,05;6,16
;;24.11.2019;10:15;35,27;6,24
;;24.11.2019;10:25;37,25;6,35
;;24.11.2019;10:35;38,5;6,42
;;24.11.2019;10:45;39,06;6,51
;;24.11.2019;10:55;39,48;6,54
;;24.11.2019;11:05;39,69;6,52
;;24.11.2019;11:15;39,87;6,56
;;24.11.2019;11:25;39,92;6,57
;;24.11.2019;11:35;39,95;6,6
;;24.11.2019;11:45;40,04;6,58
;;24.11.2019;11:55;40,06;6,63
;;24.11.2019;12:05;40,02;6,6
;;24.11.2019;12:15;40;6,69
;;24.11.2019;12:25;39,95;6,73
;;24.11.2019;12:35;39,92;6,73
;;24.11.2019;12:45;39,97;6,7
;;24.11.2019;12:55;40,1;6,7
;;24.11.2019;13:05;40,16;6,67
;;24.11.2019;13:15;40,18;6,65
;;24.11.2019;13:25;40,14;6,62
;;24.11.2019;13:35;40,1;6,62
;;24.11.2019;13:45;40,08;6,6
;;24.11.2019;13:55;36,51;6,44
;;24.11.2019;14:05;34,94;6,5
;;24.11.2019;14:15;37,33;6,43
;;24.11.2019;14:25;38,21;6,49
;;24.11.2019;14:35;38,46;6,53
;;24.11.2019;14:45;38,73;6,53
;;24.11.2019;14:55;38,99;6,46
;;24.11.2019;15:05;39,37;6,53
;;24.11.2019;15:15;39,61;6,51
;;24.11.2019;15:25;39,58;6,39
;;24.11.2019;15:35;39,64;6,17
;;24.11.2019;15:45;39,82;6,06
;;24.11.2019;15:55;39,74;6,12
;;24.11.2019;16:05;39,77;6,07
;;24.11.2019;16:15;38,32;6,1
;;24.11.2019;16:25;34,62;6,03
;;24.11.2019;16:35;37,45;6,08
;;24.11.2019;16:45;38,62;6,26
;;24.11.2019;16:55;39,24;6,41
;;24.11.2019;17:05;39,64;6,45
;;24.11.2019;17:15;39,9;6,38
;;24.11.2019;17:25;40,14;6,38
;;24.11.2019;17:35;40,27;6,4
;;24.11.2019;17:45;40,39;6,4
;;24.11.2019;17:55;40,53;6,24
;;24.11.2019;18:05;40,57;6,28
;;24.11.2019;18:15;40,55;6,16
;;24.11.2019;18:25;40,45;6,05
;;24.11.2019;18:35;40,39;5,85
;;24.11.2019;18:45;40,39;5,89
;;24.11.2019;18:55;40,37;5,97
;;24.11.2019;19:05;40,41;6
;;24.11.2019;19:15;40,53;6,05
;;24.11.2019;19:25;40,53;5,95
;;24.11.2019;19:35;35;5,83
;;24.11.2019;19:45;37,62;5,97
;;24.11.2019;19:55;38,87;5,95
;;24.11.2019;20:05;39,3;5,97
;;24.11.2019;20:15;39,58;6,08
;;24.11.2019;20:25;39,82;6,19
;;24.11.2019;20:35;40,06;6,26
;;24.11.2019;20:45;40,2;6,19
;;24.11.2019;20:55;40,29;6,21
;;24.11.2019;21:05;40,31;6,21
;;24.11.2019;21:15;35,8;6
;;24.11.2019;21:25;37,76;5,91
;;24.11.2019;21:35;38,85;6,01
;;24.11.2019;21:45;39,19;6,05
;;24.11.2019;21:55;39,35;6,09
;;24.11.2019;22:05;39,61;6,09
;;24.11.2019;22:15;39,82;6,11
;;24.11.2019;22:25;40,04;6,08
;;24.11.2019;22:35;40,16;6,08
;;24.11.2019;22:45;40,25;5,94
;;24.11.2019;22:55;40,25;6,05
;;24.11.2019;23:05;40,35;6,09
;;24.11.2019;23:15;40,47;6,14
;;24.11.2019;23:25;40,51;6,09
;;24.11.2019;23:35;40,53;6,11
;;24.11.2019;23:45;40,55;6,15
;;24.11.2019;23:55;40,57;6,21
;;25.11.2019;00:05;40,51;6,24
;;25.11.2019;00:15;40,33;6,34
;;25.11.2019;00:25;40,29;6,2
;;25.11.2019;00:35;40,27;6,29
;;25.11.2019;00:45;37,78;6,25
;;25.11.2019;00:55;35,02;6,27
;;25.11.2019;01:05;37,14;6,38
;;25.11.2019;01:15;38,3;6,42
;;25.11.2019;01:25;38,97;6,46
;;25.11.2019;01:35;39,32;6,42
;;25.11.2019;01:45;39,56;6,39
;;25.11.2019;01:55;39,74;6,44
;;25.11.2019;02:05;39,9;6,42
;;25.11.2019;02:15;39,92;6,42
;;25.11.2019;02:25;39,92;6,38
;;25.11.2019;02:35;39,84;6,41
;;25.11.2019;02:45;39,95;6,42
;;25.11.2019;02:55;40,04;6,45
;;25.11.2019;03:05;40,12;6,36
;;25.11.2019;03:15;40,22;6,34
;;25.11.2019;03:25;40,25;6,28
;;25.11.2019;03:35;40,18;6,41
;;25.11.2019;03:45;40,08;6,38
;;25.11.2019;03:55;40;6,5
;;25.11.2019;04:05;40,1;6,58
;;25.11.2019;04:15;40,18;6,59
;;25.11.2019;04:25;40,25;6,6
;;25.11.2019;04:35;40,33;6,62
;;25.11.2019;04:45;40,37;6,73
;;25.11.2019;04:55;40,39;6,63
;;25.11.2019;05:05;40,41;6,64
;;25.11.2019;05:15;40,45;6,65
;;25.11.2019;05:25;34,38;6,48
;;25.11.2019;05:35;37;6,52
;;25.11.2019;05:45;38,46;6,47
;;25.11.2019;05:55;38,87;6,48
;;25.11.2019;06:05;39,01;6,43
;;25.11.2019;06:15;38,99;6,42
;;25.11.2019;06:25;39,19;6,42
;;25.11.2019;06:35;39,27;6,37
;;25.11.2019;06:45;39,43;6,4
;;25.11.2019;06:55;39,48;6,35
